asset_id,name,kind,latitude,longitude,nearest_km,detections_5km,high_conf_5km,total_frp_5km,max_frp_5km,detections_10km,high_conf_10km,total_frp_10km,max_frp_10km,detections_25km,high_conf_25km,total_frp_25km,max_frp_25km,days_exposed_10km,max_consecutive_days_10km,last_exposure_10km,risk_score,risk_level
33,Reus Airport,airport,41.147509,1.168354,4.37,2,0,1.1,0.6,50,4,240.6,19.7,63,4,318.7,20.8,27,3,2022-12-31,0.988,high
87,Muelle Juan Gonzalo,port,37.1878863,-6.9301361,1.89,27,0,38.6,4.7,32,0,78.8,22.5,59,0,198.8,22.5,22,7,2022-12-19,0.97,high
10,Badajoz Airport,airport,38.8913,-6.82133,1.94,10,0,35.6,5.2,32,0,136.8,10.2,86,2,412.2,16.3,20,2,2022-11-29,0.969,high
66,Vilar de Luz Airfield,airport,41.27729,-8.516209,1.4,29,1,636.9,149.5,37,1,698.2,149.5,81,4,1045.2,149.5,19,3,2022-10-04,0.969,high
191,Port de Tarragona,port,41.0951125,1.222517,3.14,5,0,3.5,1.3,37,4,204.9,19.7,57,4,277.9,20.8,18,3,2022-12-31,0.956,high
106,Porto Comercial da Sardoura,port,41.0762748,-8.287118,2.82,12,0,128.3,62.4,26,3,345.9,62.4,170,8,1693.4,201.2,11,2,2022-08-24,0.953,high
86,Muelle Sur,port,37.150247,-6.8710822,3.02,23,0,30.4,3.3,28,0,61.1,22.5,54,2,168.7,22.5,20,7,2022-12-19,0.949,high
94,Bilbao Port,port,43.3466906,-3.0526609,3.42,17,0,27.8,4.4,28,0,60.1,10.6,95,4,2444.2,195.7,20,1,2022-12-18,0.947,high
18,Getafe Air Base,airport,40.294102,-3.72383,3.0,13,0,40.5,5.2,30,0,82.1,5.2,70,0,236.0,31.6,15,1,2022-09-27,0.944,high
102,APM Terminal Algeciras,port,36.1409894,-5.4383146,3.99,4,0,2.7,1.3,23,0,31.6,5.7,29,0,339.8,137.9,21,2,2022-12-22,0.92,high
70,Puerto de Gijón/Xixón,port,43.5567185,-5.6726486,4.09,7,0,4.1,0.9,22,0,42.5,11.2,66,1,151.2,29.8,19,2,2022-11-25,0.917,high
69,Puerto del Musel,port,43.5628673,-5.6875251,2.85,10,0,5.8,0.9,22,0,42.5,11.2,66,1,151.2,29.8,19,2,2022-11-25,0.917,high
13,Madrid-Cuatro Vientos Airport,airport,40.370701,-3.78514,0.74,9,0,23.3,4.1,18,0,47.5,8.3,57,0,181.6,11.0,11,1,2022-09-27,0.914,high
174,Alcaidesa Varadero,port,36.1592806,-5.3575878,2.44,8,0,15.4,5.7,22,0,31.3,5.7,28,0,65.0,22.6,20,2,2022-12-22,0.91,high
154,Instalaciones Portuarias de Campamento,port,36.1698736,-5.3770741,0.56,22,0,31.3,5.7,22,0,31.3,5.7,28,0,65.0,22.6,20,2,2022-12-22,0.91,high
25,Málaga-Costa del Sol Airport,airport,36.6749,-4.49911,2.15,3,0,26.6,21.6,10,0,135.0,80.2,249,64,9318.0,216.6,7,1,2022-07-15,0.903,high
67,Vila Real Airport,airport,41.2743,-7.72047,3.04,1,0,5.1,5.1,55,8,885.5,97.8,630,88,22460.2,375.9,5,1,2022-11-11,0.898,high
7,Bilbao Airport,airport,43.301102,-2.91061,5.14,0,0,0.0,0.0,30,0,54.1,10.6,57,0,269.8,64.3,23,1,2022-12-18,0.897,high
190,Puerto de Málaga,port,36.70912,-4.4213069,3.63,2,0,11.7,6.9,11,0,49.8,21.6,231,58,8905.7,216.6,8,1,2022-09-07,0.891,high
43,Vitoria Airport,airport,42.882801,-2.72447,4.04,9,0,30.2,7.2,11,0,36.2,7.2,13,0,43.4,7.2,9,2,2022-09-22,0.885,high
91,Puerto de Sevilla,port,37.355885,-5.9911445,2.02,1,0,5.1,5.1,8,1,68.5,31.2,42,3,230.8,31.2,6,1,2022-12-19,0.881,high
81,Sevilla,port,37.3543494,-5.9943348,2.24,1,0,5.1,5.1,8,1,68.5,31.2,43,3,238.8,31.2,6,1,2022-12-19,0.881,high
188,Porto da Lapa das Pombas,port,37.6363558,-8.8082915,1.8,3,0,15.8,9.4,8,0,34.5,9.4,24,4,330.3,48.5,8,1,2022-12-02,0.867,high
50,Beja Airport / Airbase,airport,38.078899,-7.9324,2.61,5,0,34.5,11.3,11,1,63.5,11.3,36,2,337.6,56.7,5,1,2022-10-18,0.864,high
56,Faro - Gago Coutinho International Airport,airport,37.015909,-7.970939,1.83,46,1,484.5,86.3,61,5,818.3,86.3,72,6,842.8,86.3,4,3,2022-11-07,0.862,high
24,Adolfo Suárez Madrid–Barajas Airport,airport,40.493407,-3.572249,0.39,7,0,31.1,5.7,13,0,40.0,5.7,43,0,172.6,31.6,7,2,2022-09-22,0.86,high
64,Sintra Air Base,airport,38.8311,-9.33955,3.02,3,2,31.8,13.4,25,9,814.2,67.5,32,9,827.7,67.5,4,1,2022-07-10,0.86,high
14,Lleida-Alguaire Airport,airport,41.728185,0.535023,2.39,1,0,1.2,1.2,10,0,27.8,6.4,68,0,329.9,55.4,9,2,2022-11-10,0.858,high
177,Medway Terminals - Sines Raquete,port,37.9766309,-8.7752564,2.82,10,0,22.0,4.0,11,0,22.8,4.0,13,0,29.2,4.0,10,2,2022-12-06,0.856,high
17,F.G.L. Airport Granada-Jaén Airport,airport,37.188702,-3.77736,3.27,5,0,12.3,3.3,10,0,21.9,3.3,20,0,66.0,8.3,9,1,2022-11-30,0.848,high
111,Port d'Alacant,port,38.3288027,-0.4923146,5.17,0,0,0.0,0.0,13,0,42.6,29.3,33,4,238.5,29.3,11,2,2022-12-17,0.847,high
46,Zaragoza Airport,airport,41.666199,-1.04155,3.1,3,1,28.7,20.8,7,2,43.3,20.8,54,4,462.2,45.7,5,1,2022-06-16,0.845,high
22,León Airport,airport,42.590709,-5.653406,4.3,1,0,1.5,1.5,6,0,102.5,46.3,33,0,442.6,59.6,4,1,2022-09-04,0.844,high
47,Seville Airport,airport,37.417999,-5.89311,2.42,4,0,8.2,3.8,7,0,34.5,12.8,44,1,352.6,35.2,6,1,2022-12-19,0.842,high
40,Madrid–Torrejón Airport / Torrejón Air Base,airport,40.487875,-3.456808,4.11,2,0,7.4,3.7,8,0,37.7,5.7,41,0,162.1,31.6,5,1,2022-08-30,0.834,high
193,Port de Castelló,port,39.9629332,0.0174603,1.28,5,0,12.5,6.2,8,0,20.0,6.2,23,0,236.8,124.6,8,2,2022-11-26,0.826,high
162,Terminal XXI,port,37.9341123,-8.8410052,4.32,8,0,16.8,4.0,8,0,16.8,4.0,15,0,38.5,5.5,8,2,2022-12-06,0.82,high
161,Terminal Multipurpose de Sines,port,37.9403323,-8.853268,4.9,4,0,4.7,1.4,8,0,16.8,4.0,15,0,38.5,5.5,8,2,2022-12-06,0.82,high
198,Terminal de Gás Natural,port,37.939311,-8.8452799,4.32,8,0,16.8,4.0,8,0,16.8,4.0,15,0,38.5,5.5,8,2,2022-12-06,0.82,high
158,Terminal de Cruceros de Málaga,port,36.7069119,-4.4145279,4.17,2,0,11.7,6.9,9,0,22.2,6.9,222,58,8764.1,216.6,7,1,2022-09-07,0.818,high
48,Alverca Air Base,airport,38.883301,-9.0301,1.3,9,0,16.5,2.2,9,0,16.5,2.2,38,7,552.2,73.5,8,2,2022-10-07,0.815,high
54,Cascais Airport,airport,38.724998,-9.35523,2.93,8,2,377.3,67.5,10,2,391.4,67.5,32,9,844.9,67.5,3,1,2022-09-03,0.806,high
58,Montijo Air Base,airport,38.70929,-9.03368,6.32,0,0,0.0,0.0,9,0,50.6,23.7,54,8,978.7,225.0,5,1,2022-07-07,0.794,high
23,Logroño-Agoncillo Airport,airport,42.460953,-2.322235,4.68,2,0,8.9,5.0,6,0,74.5,29.7,42,1,373.9,29.7,3,1,2022-08-11,0.787,high
51,Braga Municipal Aerodrome,airport,41.587,-8.445189,4.85,1,1,5.1,5.1,7,2,71.0,19.3,166,7,1004.8,52.7,3,1,2022-08-22,0.785,high
152,Plataforma Logística de Elvas,port,38.8962336,-7.1421864,0.73,2,0,6.6,4.2,6,0,30.1,9.9,34,5,174.5,14.6,4,1,2022-10-17,0.784,high
15,Armilla Air Base,airport,37.133202,-3.63569,1.84,3,0,18.7,8.3,6,0,29.2,8.3,48,0,783.7,218.3,4,2,2022-10-17,0.781,high
8,Burgos Airport,airport,42.357601,-3.62076,3.38,1,0,5.5,5.5,4,0,29.0,15.9,19,2,284.4,40.5,4,2,2022-09-01,0.779,high
117,APM Terminals,port,39.4526189,-0.3173326,2.78,4,0,11.1,4.7,6,0,14.3,4.7,51,0,154.6,18.6,5,1,2022-11-07,0.769,high
6,Córdoba Airport,airport,37.841999,-4.84888,5.23,0,0,0.0,0.0,6,0,60.1,22.2,31,1,188.2,22.2,4,1,2022-09-02,0.766,high
83,Porto de Pasaxes Moaña-Vigo,port,42.2754797,-8.7353872,2.26,5,2,43.9,19.8,8,2,47.2,19.8,21,3,148.2,22.1,3,2,2022-08-23,0.764,high
57,Monte Real Air Base,airport,39.828335,-8.8875,6.99,0,0,0.0,0.0,12,0,51.5,14.6,124,2,646.9,42.5,4,1,2022-10-01,0.761,high
84,Porto Comercial de Sines,port,37.9448052,-8.869441,6.1,0,0,0.0,0.0,8,0,16.8,4.0,13,0,29.2,4.0,8,2,2022-12-06,0.76,high
160,Terminal Petroquímico,port,37.9509393,-8.8806559,6.95,0,0,0.0,0.0,8,0,16.8,4.0,13,0,29.2,4.0,8,2,2022-12-06,0.76,high
62,Lisbon Humberto Delgado Airport,airport,38.7813,-9.13592,4.3,2,0,1.7,0.8,11,5,320.3,66.2,60,9,927.4,67.5,2,1,2022-07-10,0.749,high
3,Alicante-Elche Miguel Hernández Airport,airport,38.2822,-0.558156,0.8,1,0,4.4,4.4,6,0,36.6,29.3,40,4,268.4,29.3,3,1,2022-07-02,0.748,high
112,Puerto de Motril-Granada,port,36.7186349,-3.5226123,1.93,5,1,77.1,22.0,7,1,91.2,22.0,298,25,9274.5,489.7,2,1,2022-02-23,0.739,high
41,Valencia Airport,airport,39.489162,-0.480961,5.51,0,0,0.0,0.0,7,0,15.8,4.2,52,1,190.0,18.6,7,1,2022-09-05,0.737,high
80,Javea,port,38.7939915,0.1866984,6.22,0,0,0.0,0.0,6,0,20.2,6.1,15,0,97.5,21.4,5,2,2022-08-15,0.728,high
114,Porto de Lisboa - Terminal de Contentores de Alcântara,port,38.7000898,-9.1676027,3.44,1,0,2.0,2.0,6,0,28.8,12.0,53,9,913.3,67.5,3,1,2022-07-16,0.724,high
113,Estaleiro da Rocha do Conde de Óbidos,port,38.7036507,-9.159327,3.64,1,0,2.0,2.0,6,0,28.8,12.0,53,9,913.3,67.5,3,1,2022-07-16,0.724,high
101,Liscont,port,38.7007482,-9.1732727,3.71,1,0,2.0,2.0,6,0,28.8,12.0,51,9,907.2,67.5,3,1,2022-07-16,0.724,high
115,Porto de Lisboa - Terminal de Passageiros da Rocha do Conde de Óbidos,port,38.7016366,-9.1599236,3.43,1,0,2.0,2.0,6,0,28.8,12.0,53,9,913.3,67.5,3,1,2022-07-16,0.724,high
196,CSP Iberian Valencia Terminal,port,39.4325257,-0.3217545,3.24,2,0,8.0,4.7,5,0,12.8,4.7,51,0,154.2,18.6,4,1,2022-08-22,0.723,high
118,MSC Terminal,port,39.4404517,-0.3245813,2.52,3,0,8.3,4.7,5,0,12.8,4.7,52,0,156.4,18.6,4,1,2022-08-22,0.723,high
16,Girona-Costa Brava Airport,airport,41.904639,2.761774,2.64,3,0,11.3,5.1,5,0,21.3,5.6,20,2,634.2,163.1,3,1,2022-12-27,0.707,high
151,Portinho do Canal,port,37.7370816,-8.7994538,4.18,3,0,14.1,5.5,5,0,20.6,5.5,24,0,132.1,16.4,3,1,2022-03-10,0.705,high
44,Vigo Airport,airport,42.2318,-8.62677,5.63,0,0,0.0,0.0,6,2,44.4,19.8,51,7,372.6,27.4,3,2,2022-09-04,0.702,high
72,Puerto de Escombreras,port,37.569926,-0.9715942,4.18,4,0,5.2,1.8,4,0,5.2,1.8,6,0,7.5,1.9,4,1,2022-11-20,0.695,medium
35,Salamanca Airport,airport,40.952099,-5.50199,4.32,1,0,2.6,2.6,3,0,30.9,24.2,12,0,50.2,24.2,2,1,2022-06-27,0.682,medium
98,Porto Exterior da Coruña,port,43.3449263,-8.5109791,4.32,5,0,3.9,0.9,6,0,4.5,0.9,7,0,6.3,1.8,4,1,2022-08-30,0.678,medium
120,Porto da Coruña,port,43.3613585,-8.3956754,4.35,4,0,2.8,0.9,6,0,4.5,0.9,6,0,4.5,0.9,4,1,2022-08-30,0.678,medium
32,Ciudad Real International Airport,airport,38.856479,-3.969944,4.98,1,0,2.9,2.9,5,0,13.3,4.2,51,1,202.0,16.7,3,2,2022-10-08,0.675,medium
79,Dénia,port,38.8434433,0.1151613,7.78,0,0,0.0,0.0,5,0,14.1,5.5,170,5,2251.4,84.1,4,2,2022-02-17,0.672,medium
78,Denia,port,38.8436179,0.1125226,7.81,0,0,0.0,0.0,5,0,14.1,5.5,184,6,2455.1,84.1,4,2,2022-02-17,0.672,medium
85,Puerto Pesquero,port,36.4154268,-5.1551253,1.58,1,1,4.4,4.4,5,1,26.7,6.9,325,26,7006.6,312.6,2,1,2022-07-26,0.663,medium
39,Teruel Airport,airport,40.410269,-1.217366,6.44,0,0,0.0,0.0,4,0,10.6,3.8,13,0,51.0,14.5,4,1,2022-03-01,0.66,medium
28,Moron Air Base,airport,37.17490005493164,-5.615940093994141,3.48,3,0,1.4,0.5,5,0,7.7,3.2,39,1,128.9,21.1,3,1,2022-09-09,0.658,medium
30,Pamplona Airport,airport,42.77,-1.64633,7.86,0,0,0.0,0.0,5,0,4.8,1.2,313,35,6013.3,264.2,5,1,2022-12-01,0.657,medium
90,Doca Pesca,port,37.105655,-8.6712986,6.11,0,0,0.0,0.0,7,0,38.9,9.2,10,0,42.0,9.2,2,1,2022-11-02,0.638,medium
73,Puerto de Cartagena,port,37.5927246,-0.9808162,5.71,0,0,0.0,0.0,4,0,5.2,1.8,9,0,13.5,4.2,4,1,2022-11-20,0.635,medium
116,Dársena de Santiago,port,37.59695,-0.9746702,5.5,0,0,0.0,0.0,4,0,5.2,1.8,10,0,15.1,4.2,4,1,2022-11-20,0.635,medium
71,Port industrial d'Alcanar,port,40.5720766,0.5513185,1.09,1,0,0.7,0.7,3,0,4.8,2.4,11,0,33.3,5.9,3,1,2022-11-24,0.632,medium
29,Palma de Mallorca Airport,airport,39.551701,2.73881,1.55,3,0,3.9,3.0,3,0,3.9,3.0,9,0,11.1,3.0,3,1,2022-12-30,0.622,medium
108,Varadero,port,43.4530298,-3.8185809,4.68,1,0,0.5,0.5,4,0,3.8,1.4,49,0,125.0,13.0,3,1,2022-09-13,0.619,medium
20,Jerez Airport,airport,36.744598,-6.06011,7.88,0,0,0.0,0.0,4,1,29.3,12.2,28,1,184.9,46.7,2,1,2022-08-19,0.619,medium
195,Puerto de Santander,port,43.4474824,-3.8209504,4.05,1,0,0.5,0.5,4,0,3.8,1.4,58,0,153.8,13.0,3,1,2022-09-13,0.619,medium
45,Seve Ballesteros-Santander Airport,airport,43.427101,-3.82001,2.29,2,0,1.2,0.7,4,0,3.8,1.4,69,0,232.4,50.5,3,1,2022-09-13,0.619,medium
12,A Coruña Airport,airport,43.302101,-8.37726,7.74,0,0,0.0,0.0,6,0,4.5,0.9,6,0,4.5,0.9,4,1,2022-08-30,0.618,medium
4,Almería Airport,airport,36.843899,-2.3701,6.67,0,0,0.0,0.0,3,0,10.0,4.8,15,0,71.4,14.2,3,1,2022-06-24,0.608,medium
26,Menorca Airport,airport,39.862598,4.21865,3.09,1,0,2.4,2.4,2,0,7.9,5.4,4,0,14.6,5.4,2,1,2022-12-28,0.606,medium
99,Estação de Assistência Naval do Porto de Lisboa,port,38.6762347,-9.2111718,5.06,0,0,0.0,0.0,4,0,27.1,12.0,49,9,900.4,67.5,2,1,2022-07-16,0.605,medium
55,Évora Airfield,airport,38.533501,-7.88964,2.76,2,0,4.9,3.4,3,0,6.8,3.4,10,0,19.5,4.0,2,1,2022-10-01,0.602,medium
88,Azenha do Mar,port,37.4643137,-8.7974017,3.35,1,0,3.3,3.3,2,0,6.8,3.4,21,4,317.1,48.5,2,1,2022-11-28,0.602,medium
119,Porto de Santa Luzia,port,37.1011852,-7.6573247,4.86,1,0,2.6,2.6,2,0,6.0,3.4,3,0,10.4,4.4,2,1,2022-11-07,0.597,medium
76,Puerto Pesquero de Almería,port,36.8356431,-2.4816416,3.55,1,0,1.0,1.0,2,0,5.2,4.1,12,0,68.3,16.4,2,1,2022-10-13,0.591,medium
21,San Javier Airport,airport,37.775002,-0.812389,6.02,0,0,0.0,0.0,3,0,6.0,2.5,8,0,24.9,9.5,3,1,2022-11-10,0.59,medium
42,Valladolid Airport,airport,41.7061,-4.85194,1.9,1,0,15.4,15.4,1,0,15.4,15.4,9,0,65.7,15.4,1,1,2022-09-21,0.587,medium
75,Puerto Pesquero de Lo Pagán,port,37.8158808,-0.7837339,4.06,1,0,2.5,2.5,2,0,4.0,2.5,8,0,17.6,4.2,2,1,2022-11-10,0.571,medium
2,Albacete Airport / Los Llanos Air Base,airport,38.948502,-1.86352,7.54,0,0,0.0,0.0,3,0,13.6,6.5,14,0,35.1,6.5,2,1,2022-05-16,0.564,medium
68,Aerodromo Goncalves Lobato (Viseu Airport),airport,40.725498,-7.88899,0.53,1,0,0.8,0.8,2,0,3.2,2.4,7,0,22.9,6.5,2,1,2022-07-22,0.56,medium
93,Terminal de Contentores de Portimão,port,37.126385,-8.5302177,3.59,1,0,1.5,1.5,2,0,2.4,1.5,15,0,69.1,10.2,2,1,2022-05-04,0.554,medium
60,Portimão Airport,airport,37.1493,-8.58396,2.73,1,0,1.5,1.5,2,0,2.4,1.5,12,0,55.5,10.2,2,1,2022-05-04,0.554,medium
61,Francisco de Sá Carneiro Airport,airport,41.2481002808,-8.68138980865,8.79,0,0,0.0,0.0,2,0,9.4,8.6,55,3,864.8,149.5,2,1,2022-05-27,0.553,medium
27,Region of Murcia International Airport,airport,37.802852,-1.124884,5.03,0,0,0.0,0.0,2,0,24.1,14.6,19,0,69.0,14.6,1,1,2022-10-02,0.553,medium
96,Port de Tortosa,port,40.8079495,0.5173633,7.56,0,0,0.0,0.0,2,0,6.3,4.5,9,0,28.5,5.9,2,2,2022-12-23,0.539,medium
31,Alcantarilla Air Base,airport,37.951099,-1.23032,7.9,0,0,0.0,0.0,2,0,14.7,7.3,52,0,185.9,14.6,1,1,2022-07-05,0.525,medium
124,Terminal Transmediterranea (Acciona) - Ferry de Barcelona,port,41.3681459,2.1771882,9.33,0,0,0.0,0.0,2,0,5.0,2.8,45,0,59.2,4.2,2,1,2022-08-14,0.522,medium
127,Terminal F3 Grimaldi,port,41.3636839,2.1756468,9.84,0,0,0.0,0.0,2,0,5.0,2.8,45,0,59.2,4.2,2,1,2022-08-14,0.522,medium
53,Aerodromo Municipal de Coimbra,airport,40.158758,-8.470815,7.29,0,0,0.0,0.0,1,0,13.8,13.8,24,3,338.8,61.6,1,1,2022-09-24,0.518,medium
1,Folgueroles Airfield,airport,41.9527,2.3072,4.67,1,0,3.5,3.5,1,0,3.5,3.5,4,0,8.8,3.5,1,1,2022-08-27,0.514,medium
74,Muelle de las Cabezuelas,port,36.5232831,-6.2573815,6.79,0,0,0.0,0.0,1,0,8.9,8.9,25,1,120.8,12.2,1,1,2022-07-17,0.504,medium
38,Pirineus - la Seu d'Urgel Airport,airport,42.3386,1.40917,5.0,0,0,0.0,0.0,1,0,1.4,1.4,1,0,1.4,1.4,1,1,2022-06-24,0.502,medium
49,Bragança Airport,airport,41.8578,-6.70713,8.73,0,0,0.0,0.0,1,0,8.7,8.7,226,30,7761.7,201.5,1,1,2022-01-27,0.502,medium
5,Asturias Airport,airport,43.563599,-6.03462,9.06,0,0,0.0,0.0,1,0,8.2,8.2,79,0,205.3,29.8,1,1,2022-11-03,0.5,medium
59,Ovar Air Base,airport,40.915901,-8.64592,4.95,1,0,0.7,0.7,1,0,0.7,0.7,84,2,396.0,38.9,1,1,2022-01-28,0.498,medium
36,San Sebastián Airport,airport,43.356499,-1.79061,6.19,0,0,0.0,0.0,2,0,5.1,2.8,23,1,136.7,24.9,1,1,2022-01-24,0.478,medium
77,Hondarribiako Kaiberria,port,43.3861834,-1.7906265,8.08,0,0,0.0,0.0,2,0,5.1,2.8,16,1,88.5,24.9,1,1,2022-01-24,0.478,medium
107,Cala d'Aiguafreda,port,41.9645213,3.2272444,8.41,0,0,0.0,0.0,1,0,2.6,2.6,18,2,615.7,163.1,1,1,2022-03-04,0.45,medium
37,Santiago-Rosalía de Castro Airport,airport,42.896301,-8.41514,7.18,0,0,0.0,0.0,1,0,2.6,2.6,11,0,36.1,9.5,1,1,2022-06-15,0.45,medium
11,Castellón-Costa Azahar Airport,airport,40.213889,0.073333,9.7,0,0,0.0,0.0,1,0,1.6,1.6,29,0,109.9,11.8,1,1,2022-02-07,0.444,medium
110,Astilleros Placeres,port,42.4050553,-8.6852615,6.44,0,0,0.0,0.0,1,0,0.8,0.8,14,2,52.4,19.8,1,1,2022-07-22,0.44,medium
65,Tancos Airbase,airport,39.475101,-8.36458,7.74,0,0,0.0,0.0,1,0,0.5,0.5,54,0,393.7,72.0,1,1,2022-05-28,0.436,medium
159,Peirao de Mugardos,port,43.4642481,-8.2569319,19.88,0,0,0.0,0.0,0,0,0.0,0.0,6,0,4.5,0.9,0,0,,0.208,low
169,Parque de Espera de Contentores,port,41.1894091,-8.6838125,10.82,0,0,0.0,0.0,0,0,0.0,0.0,67,3,965.9,149.5,0,0,,0.208,low
52,Aerodromo de Castelo Branco,airport,39.844528,-7.439875,18.05,0,0,0.0,0.0,0,0,0.0,0.0,18,0,82.1,9.9,0,0,,0.208,low
63,Aeródromo Municipal de Ponte de Sor,airport,39.211545,-8.057787,12.34,0,0,0.0,0.0,0,0,0.0,0.0,2,0,22.0,15.8,0,0,,0.208,low
163,Terminal Ro-Ro,port,41.1781957,-8.6995399,12.61,0,0,0.0,0.0,0,0,0.0,0.0,61,3,919.7,149.5,0,0,,0.208,low
164,Depósitos Liquidos,port,41.1802131,-8.6963301,12.26,0,0,0.0,0.0,0,0,0.0,0.0,62,3,920.9,149.5,0,0,,0.208,low
157,Porto da Figueira da Foz - Terminal Multiusos,port,40.1471883,-8.8459078,13.41,0,0,0.0,0.0,0,0,0.0,0.0,6,0,17.6,4.1,0,0,,0.208,low
165,Terminal Cimenteiro,port,41.1848614,-8.6979563,12.08,0,0,0.0,0.0,0,0,0.0,0.0,58,3,882.1,149.5,0,0,,0.208,low
166,Terminal Multiusos,port,41.1802406,-8.6980296,12.38,0,0,0.0,0.0,0,0,0.0,0.0,61,3,918.6,149.5,0,0,,0.208,low
156,Porto da Figueira da Foz - Zona Industrial,port,40.1403467,-8.8486867,14.17,0,0,0.0,0.0,0,0,0.0,0.0,6,0,17.6,4.1,0,0,,0.208,low
167,Terminal Sul TCGL,port,41.1817015,-8.6955729,12.11,0,0,0.0,0.0,0,0,0.0,0.0,62,3,920.9,149.5,0,0,,0.208,low
168,Terminal Polivalente - Granéis Sólidos,port,41.1894392,-8.6891544,11.19,0,0,0.0,0.0,0,0,0.0,0.0,64,3,932.8,149.5,0,0,,0.208,low
173,Depósito de Produtos Petrolíferos,port,41.1793002,-8.7099267,13.26,0,0,0.0,0.0,0,0,0.0,0.0,52,3,850.9,149.5,0,0,,0.208,low
170,Terminal Polivalente,port,41.1870953,-8.695249,11.76,0,0,0.0,0.0,0,0,0.0,0.0,59,3,889.1,149.5,0,0,,0.208,low
187,Zumaiako kaia,port,43.2967869,-2.2522144,10.88,0,0,0.0,0.0,0,0,0.0,0.0,5,0,18.3,7.0,0,0,,0.208,low
197,Ipar kaia,port,43.3054468,-2.1988171,13.07,0,0,0.0,0.0,0,0,0.0,0.0,5,0,18.3,7.0,0,0,,0.208,low
9,Josep Tarradellas Barcelona-El Prat Airport,airport,41.2971,2.07846,13.85,0,0,0.0,0.0,0,0,0.0,0.0,53,3,513.0,81.2,0,0,,0.208,low
194,Porto de Celeiro,port,43.6754314,-7.598365,17.1,0,0,0.0,0.0,0,0,0.0,0.0,11,2,89.3,16.7,0,0,,0.208,low
192,"Enagás ,SA",port,41.3393013,2.1592988,12.76,0,0,0.0,0.0,0,0,0.0,0.0,44,0,57.6,4.2,0,0,,0.208,low
34,Rota Naval Station Airport,airport,36.645198822,-6.34946012497,13.14,0,0,0.0,0.0,0,0,0.0,0.0,15,1,118.3,46.7,0,0,,0.208,low
189,Porto de Pesca de Olhão,port,37.0261193,-7.8335898,12.57,0,0,0.0,0.0,0,0,0.0,0.0,64,5,827.1,86.3,0,0,,0.208,low
181,Terminal de Contentores,port,40.6449697,-8.7215418,14.24,0,0,0.0,0.0,0,0,0.0,0.0,95,1,472.6,31.9,0,0,,0.208,low
171,Terminal Cerealífero,port,41.1947445,-8.6858353,10.64,0,0,0.0,0.0,0,0,0.0,0.0,62,3,905.6,149.5,0,0,,0.208,low
180,Terminal Norte Multiusos,port,40.6456069,-8.7280396,14.73,0,0,0.0,0.0,0,0,0.0,0.0,94,1,471.5,31.9,0,0,,0.208,low
179,Terminal de Granéis Sólidos Não Alimentar,port,40.6546975,-8.7168333,14.55,0,0,0.0,0.0,0,0,0.0,0.0,97,1,475.1,31.9,0,0,,0.208,low
178,Terminal de Granéis Sólidos Agroalimentares,port,40.6534373,-8.7122584,14.16,0,0,0.0,0.0,0,0,0.0,0.0,97,1,475.1,31.9,0,0,,0.208,low
176,Kirol kaia,port,43.3041972,-2.2010331,12.93,0,0,0.0,0.0,0,0,0.0,0.0,5,0,18.3,7.0,0,0,,0.208,low
175,Kofradiako kaia,port,43.3054251,-2.2022637,13.07,0,0,0.0,0.0,0,0,0.0,0.0,5,0,18.3,7.0,0,0,,0.208,low
172,Estação de Passageiros,port,41.1873727,-8.6987166,11.99,0,0,0.0,0.0,0,0,0.0,0.0,56,3,863.0,149.5,0,0,,0.208,low
109,Terminal BEST (Barcelona Europe South Terminal),port,41.3112054,2.14541,16.07,0,0,0.0,0.0,0,0,0.0,0.0,44,0,57.6,4.2,0,0,,0.208,low
155,Porto da Figueira da Foz - Porto de Pesca,port,40.1392725,-8.8581716,14.73,0,0,0.0,0.0,0,0,0.0,0.0,6,0,17.6,4.1,0,0,,0.208,low
153,Porto de Pesca,port,41.182865,-8.6982912,12.23,0,0,0.0,0.0,0,0,0.0,0.0,59,3,896.1,149.5,0,0,,0.208,low
133,"Autoterminal, SA",port,41.32772,2.1460887,14.28,0,0,0.0,0.0,0,0,0.0,0.0,44,0,57.6,4.2,0,0,,0.208,low
131,TERCAT - Dipòsit Contenidors Buits,port,41.3503156,2.1530174,11.71,0,0,0.0,0.0,0,0,0.0,0.0,44,0,57.6,4.2,0,0,,0.208,low
130,"Terminal de Cafè i Cacau BIT , SA",port,41.3486987,2.1572444,11.79,0,0,0.0,0.0,0,0,0.0,0.0,44,0,57.6,4.2,0,0,,0.208,low
150,Quimidroga,port,41.3300892,2.1559595,13.82,0,0,0.0,0.0,0,0,0.0,0.0,44,0,57.6,4.2,0,0,,0.208,low
128,Portcemen,port,41.3603792,2.1742869,10.22,0,0,0.0,0.0,0,0,0.0,0.0,45,0,59.2,4.2,0,0,,0.208,low
126,Manipuladora de Mercancías SL,port,41.34325,2.1497035,12.54,0,0,0.0,0.0,0,0,0.0,0.0,44,0,57.6,4.2,0,0,,0.208,low
125,Terminal F1 Balearia,port,41.3467934,2.1730105,11.72,0,0,0.0,0.0,0,0,0.0,0.0,44,0,57.6,4.2,0,0,,0.208,low
123,Terminals de Passatgers,port,41.3566527,2.1773551,10.57,0,0,0.0,0.0,0,0,0.0,0.0,45,0,59.2,4.2,0,0,,0.208,low
122,Port de Barcelona,port,41.3299051,2.1387733,14.23,0,0,0.0,0.0,0,0,0.0,0.0,44,0,57.6,4.2,0,0,,0.208,low
121,Terminal de Granéis Líquidos,port,40.6546893,-8.7141867,14.38,0,0,0.0,0.0,0,0,0.0,0.0,97,1,475.1,31.9,0,0,,0.208,low
92,Porto de Corme,port,43.2621122,-8.9647509,22.14,0,0,0.0,0.0,0,0,0.0,0.0,1,0,1.8,1.8,0,0,,0.208,low
95,Porto de Peniche,port,39.354626,-9.3708623,23.61,0,0,0.0,0.0,0,0,0.0,0.0,2,0,6.8,3.4,0,0,,0.208,low
97,Terminal Sul Multiusos,port,40.6375836,-8.6820563,11.07,0,0,0.0,0.0,0,0,0.0,0.0,98,1,480.1,31.9,0,0,,0.208,low
103,CLH,port,41.3551491,2.1625207,10.98,0,0,0.0,0.0,0,0,0.0,0.0,44,0,57.6,4.2,0,0,,0.208,low
104,Terminal de Contentores Sul - TCS,port,41.1924061,-8.6848455,10.71,0,0,0.0,0.0,0,0,0.0,0.0,64,3,932.8,149.5,0,0,,0.208,low
105,Terminal de Contentores Norte - TCN,port,41.1855638,-8.7017875,12.31,0,0,0.0,0.0,0,0,0.0,0.0,55,3,855.0,149.5,0,0,,0.208,low
132,Bunge Ibérica SA,port,41.3599396,2.1689026,10.35,0,0,0.0,0.0,0,0,0.0,0.0,45,0,59.2,4.2,0,0,,0.208,low
129,Cargill SLU,port,41.3467937,2.1584881,11.96,0,0,0.0,0.0,0,0,0.0,0.0,44,0,57.6,4.2,0,0,,0.208,low
134,"SETRAM, SA",port,41.3333592,2.143744,13.74,0,0,0.0,0.0,0,0,0.0,0.0,44,0,57.6,4.2,0,0,,0.208,low
135,Decal,port,41.3274548,2.1510345,14.2,0,0,0.0,0.0,0,0,0.0,0.0,44,0,57.6,4.2,0,0,,0.208,low
149,Transportes Martín,port,41.3302376,2.159612,13.74,0,0,0.0,0.0,0,0,0.0,0.0,44,0,57.6,4.2,0,0,,0.208,low
148,SENSE US - SOLAR,port,41.3302053,2.1587987,13.76,0,0,0.0,0.0,0,0,0.0,0.0,44,0,57.6,4.2,0,0,,0.208,low
147,Mosca Marítim,port,41.32946,2.1592858,13.83,0,0,0.0,0.0,0,0,0.0,0.0,44,0,57.6,4.2,0,0,,0.208,low
146,TMA,port,41.3287809,2.1585876,13.91,0,0,0.0,0.0,0,0,0.0,0.0,44,0,57.6,4.2,0,0,,0.208,low
145,Grup Sarbus TCC,port,41.3303852,2.1580289,13.75,0,0,0.0,0.0,0,0,0.0,0.0,44,0,57.6,4.2,0,0,,0.208,low
144,Mare Combinato,port,41.3291622,2.1581544,13.88,0,0,0.0,0.0,0,0,0.0,0.0,44,0,57.6,4.2,0,0,,0.208,low
143,Petromiralles,port,41.3285017,2.1575105,13.96,0,0,0.0,0.0,0,0,0.0,0.0,44,0,57.6,4.2,0,0,,0.208,low
142,"Koalagás , SA",port,41.3266136,2.1525294,14.26,0,0,0.0,0.0,0,0,0.0,0.0,44,0,57.6,4.2,0,0,,0.208,low
141,Terquimsa,port,41.3309704,2.1526794,13.79,0,0,0.0,0.0,0,0,0.0,0.0,44,0,57.6,4.2,0,0,,0.208,low
100,Puerto Pesquero de Conil,port,36.2949611,-6.1368761,21.4,0,0,0.0,0.0,0,0,0.0,0.0,2,0,11.3,8.9,0,0,,0.208,low
140,Tepsa,port,41.3334363,2.1538943,13.5,0,0,0.0,0.0,0,0,0.0,0.0,44,0,57.6,4.2,0,0,,0.208,low
139,Relisa,port,41.3358561,2.155282,13.21,0,0,0.0,0.0,0,0,0.0,0.0,44,0,57.6,4.2,0,0,,0.208,low
138,Meroil Tank (Lukoil),port,41.3339834,2.1603999,13.32,0,0,0.0,0.0,0,0,0.0,0.0,44,0,57.6,4.2,0,0,,0.208,low
137,Meroil,port,41.3336041,2.1575889,13.41,0,0,0.0,0.0,0,0,0.0,0.0,44,0,57.6,4.2,0,0,,0.208,low
136,Transportes ferroviariarios especiales,port,41.3321287,2.159623,13.53,0,0,0.0,0.0,0,0,0.0,0.0,44,0,57.6,4.2,0,0,,0.208,low
185,Port Es Canaret,port,39.1026791,1.4851364,97.91,0,0,0.0,0.0,0,0,0.0,0.0,0,0,0.0,0.0,0,0,,0.163,low
89,Marina Ibiza,port,38.9135751,1.4438985,112.07,0,0,0.0,0.0,0,0,0.0,0.0,0,0,0.0,0.0,0,0,,0.163,low
184,Port Es Boldado,port,38.8906831,1.2222809,96.33,0,0,0.0,0.0,0,0,0.0,0.0,0,0,0.0,0.0,0,0,,0.163,low
183,Port de Vedella,port,38.9144488,1.2235723,96.83,0,0,0.0,0.0,0,0,0.0,0.0,0,0,0.0,0.0,0,0,,0.163,low
182,Puerto de Coralmar,port,38.9445182,1.2334829,98.25,0,0,0.0,0.0,0,0,0.0,0.0,0,0,0.0,0.0,0,0,,0.163,low
19,Ibiza Airport,airport,38.872898,1.37312,109.08,0,0,0.0,0.0,0,0,0.0,0.0,0,0,0.0,0.0,0,0,,0.163,low
82,Berlengas Grande,port,39.4141486,-9.5066578,36.97,0,0,0.0,0.0,0,0,0.0,0.0,0,0,0.0,0.0,0,0,,0.163,low
186,Port Mastella,port,39.0244292,1.596705,94.16,0,0,0.0,0.0,0,0,0.0,0.0,0,0,0.0,0.0,0,0,,0.163,low
